Modelo,RMSE,MAE,R2
Modelo Base,0.15139812561691496,0.10726454179863361,0.9649758179194382
