Modelo,RMSE,MAE,R2
Modelo Aumentado,0.16532069585923562,0.12075172125207267,0.9582489713900737
